,pole_id,height_id,red_hist_mean,red_hist_std,green_hist_mean,green_hist_std,blue_hist_mean,blue_hist_std,kernel_0_mean,kernel_0_std,kernel_0_max,kernel_0_min,kernel_1_mean,kernel_1_std,kernel_1_max,kernel_1_min,kernel_10_mean,kernel_10_std,kernel_10_max,kernel_10_min,kernel_11_mean,kernel_11_std,kernel_11_max,kernel_11_min,kernel_12_mean,kernel_12_std,kernel_12_max,kernel_12_min,kernel_13_mean,kernel_13_std,kernel_13_max,kernel_13_min,kernel_14_mean,kernel_14_std,kernel_14_max,kernel_14_min,kernel_15_mean,kernel_15_std,kernel_15_max,kernel_15_min,kernel_16_mean,kernel_16_std,kernel_16_max,kernel_16_min,kernel_17_mean,kernel_17_std,kernel_17_max,kernel_17_min,kernel_2_mean,kernel_2_std,kernel_2_max,kernel_2_min,kernel_3_mean,kernel_3_std,kernel_3_max,kernel_3_min,kernel_4_mean,kernel_4_std,kernel_4_max,kernel_4_min,kernel_5_mean,kernel_5_std,kernel_5_max,kernel_5_min,kernel_6_mean,kernel_6_std,kernel_6_max,kernel_6_min,kernel_7_mean,kernel_7_std,kernel_7_max,kernel_7_min,kernel_8_mean,kernel_8_std,kernel_8_max,kernel_8_min,kernel_9_mean,kernel_9_std,kernel_9_max,kernel_9_min,gray_hist_mean,gray_hist_std,hyper_pca_0_mean,hyper_pca_0_std,hyper_pca_1_mean,hyper_pca_1_std,hyper_pca_2_mean,hyper_pca_2_std,diameter_mean,diameter_std,diameter_mode,surface_density,middle_density,interior_density,height,diameter,surface_depth
0,0,0,33.285507,4.8353643,26.735497,1.2980758,23.705713,1.7729557,0.19506298,0.063694574,0.42565334,0.0,0.10853507,0.039556343,0.16788124,0.0,0.08339862,0.035241067,0.18207985,0.0,0.11262619,0.061984446,0.2973872,0.0,0.26440322,0.092278376,0.4414507,0.0,0.19604827,0.07443395,0.4192047,0.0,0.16810317,0.07218279,0.44187236,0.0,0.17839043,0.086579725,0.47157902,0.0,0.15092242,0.05043172,0.35164353,0.0,0.13336927,0.054839574,0.2758391,0.0,0.097814485,0.04304903,0.16534758,0.0,0.18185574,0.06419549,0.42974657,0.0,0.10652955,0.03160018,0.18019874,0.0,0.15951163,0.055274278,0.3370679,0.0,0.17978962,0.075815804,0.47685552,0.0,0.11549023,0.11643656,0.557165,0.0,0.078281224,0.0955668,0.4849756,0.0,0.18472447,0.063422896,0.4263695,0.0,26.593433,1.1120911,-0.00070818176,0.000106599495,-0.00012477784,8.192546e-05,-0.00016587495,3.3420893e-05,0.192331238185664,0.0090972181246959,0.1903549768012506,15690.390625,17969.615234375,16935.525390625,98.0,19.0,0.8658194541931152
1,0,1,35.829697,5.427175,27.231295,1.6630441,24.409092,1.3080416,0.17641461,0.027503233,0.21794283,0.1101346,0.14152193,0.024581922,0.18186906,0.096895754,0.08002856,0.033919673,0.14597249,0.027378835,0.09803911,0.0404472,0.18933438,0.02618638,0.18111822,0.053766936,0.28222638,0.097243056,0.15753697,0.026876451,0.20132196,0.09044277,0.15027353,0.02411213,0.21373507,0.10434526,0.13582133,0.044729058,0.22312716,0.058153953,0.13679534,0.02939626,0.1971892,0.06245165,0.13019942,0.028267957,0.21524765,0.06575471,0.12501343,0.026862686,0.17539404,0.0589451,0.15883845,0.028726293,0.20103975,0.09388482,0.09705921,0.016802134,0.13372236,0.05835364,0.16333108,0.036957994,0.24230546,0.050177883,0.14452732,0.02998498,0.18544823,0.08103148,0.0711014,0.017977726,0.1188313,0.041432306,0.03675623,0.010136172,0.0630403,0.017910838,0.15980992,0.031350855,0.20807046,0.09045519,27.424942,1.5487036,-0.00069796824,0.00012807394,-0.00012459428,9.480627e-05,-0.00016536858,4.4808035e-05,0.1937937364163453,0.0077714847855553,0.1917904695424891,15446.1904296875,17357.75390625,16006.70703125,98.0,19.0,0.8663055300712585
2,0,2,37.949654,7.1350756,27.734688,2.4931078,25.227655,1.8053585,0.1820918,0.019318426,0.22445689,0.13287741,0.16228844,0.029388811,0.22534147,0.112968154,0.08718621,0.033372942,0.15401874,0.029538482,0.12413608,0.05654626,0.26357666,0.036202062,0.17419857,0.06606998,0.29143888,0.08835759,0.16001125,0.026410285,0.20699966,0.09038463,0.15353708,0.027682614,0.21582271,0.10791782,0.1301889,0.047079068,0.22153252,0.04047688,0.13918933,0.031286553,0.20285097,0.07973727,0.13470785,0.032036174,0.22232734,0.06564604,0.13722874,0.02824387,0.20795245,0.07060854,0.16193394,0.023073059,0.20360744,0.10520929,0.101994745,0.019816052,0.14778477,0.059059545,0.20596856,0.048048448,0.30200577,0.08658395,0.14683618,0.030444909,0.19623509,0.081390545,0.06548666,0.014597988,0.11958939,0.03907849,0.039987884,0.018337531,0.096459135,0.015753921,0.16398342,0.021446176,0.20017166,0.10966912,28.179272,2.6262705,-0.00054364355,0.00026980494,-8.023478e-05,6.509386e-05,-0.00018121101,6.9012676e-05,0.1901815087463526,0.0063018242725983,0.1905322397250535,15444.64453125,17318.431640625,16956.673828125,98.0,19.0,0.867152750492096
3,0,3,40.802998,9.133465,28.86669,3.269534,26.450733,1.5118524,0.201333,0.041576114,0.2742843,0.124652214,0.14962353,0.032831144,0.20485081,0.09624287,0.0853775,0.02707747,0.14778471,0.036677834,0.13688716,0.06465598,0.28992438,0.03873492,0.20676866,0.07055305,0.30312154,0.103110895,0.18655021,0.052794985,0.27259538,0.09618727,0.16563931,0.034836903,0.22579734,0.102492936,0.16222401,0.074748196,0.28387362,0.040175706,0.16316368,0.046325136,0.25515935,0.08080262,0.14535116,0.03624519,0.21006304,0.073064975,0.14390184,0.03328091,0.21167691,0.079256125,0.18195955,0.047793195,0.27167448,0.110356204,0.11698805,0.029234566,0.2006785,0.07339747,0.21911497,0.041798793,0.3495652,0.14959589,0.17091747,0.050875053,0.2642619,0.08869015,0.07897845,0.026340755,0.14551811,0.043543123,0.041587725,0.01652817,0.08938738,0.0131920185,0.18709606,0.047769617,0.2718766,0.10068641,29.497242,3.2467926,-0.00019536621,0.00049486104,-2.9141285e-05,0.000109660396,-0.00021858282,9.814002e-05,0.1813699869341453,0.029256568586996,0.1877598722882931,15549.80078125,17493.2421875,16444.6171875,98.0,19.0,0.8734861016273499
4,0,4,42.525814,9.57547,28.284233,2.337356,26.577112,1.0610551,0.20090912,0.031020908,0.26129764,0.14177047,0.13479261,0.032087546,0.19688657,0.07875859,0.06999703,0.01876488,0.10894367,0.03917406,0.10510986,0.036395688,0.2064736,0.04025199,0.23197928,0.0651488,0.34143537,0.12091698,0.19370127,0.039706893,0.2568152,0.13062505,0.16044827,0.026776263,0.21162832,0.10568402,0.1642726,0.07075223,0.2937355,0.045479737,0.16166256,0.03821358,0.2513827,0.092438124,0.13674039,0.026278874,0.20315526,0.085918725,0.12767503,0.033817727,0.18602468,0.074066855,0.18071526,0.03627937,0.2578472,0.11918227,0.085032485,0.02553109,0.15642324,0.034404494,0.15949513,0.05480341,0.27082956,0.05932296,0.16915132,0.04108245,0.25599566,0.09869818,0.058627184,0.018709186,0.107197784,0.020709202,0.033203285,0.011406572,0.06097779,0.015018001,0.18693703,0.037458763,0.26703805,0.12916866,29.356304,2.5450723,0.00069286994,0.00092159543,0.00020931606,0.00021652663,-0.00021600038,0.0001830279,0.1819951342899058,0.0264779864602256,0.186343489702332,15488.2880859375,17294.349609375,16623.06640625,98.0,19.0,0.8756805658340454
5,0,5,43.471317,8.824857,28.742222,1.6024456,27.59171,1.1614484,0.22945255,0.024532499,0.29662007,0.18815069,0.1311034,0.020934349,0.17822286,0.09409937,0.07504967,0.033806466,0.16117269,0.030303825,0.119345665,0.05479469,0.259247,0.02931004,0.28856388,0.05125992,0.35935685,0.19666605,0.22102875,0.032388207,0.27083746,0.14642397,0.18607052,0.023618532,0.2678754,0.14244476,0.21462826,0.061645992,0.3129178,0.09395933,0.19392572,0.02815866,0.24834633,0.1301446,0.16140659,0.024979252,0.24320196,0.11440723,0.12078311,0.023674386,0.1738474,0.081047475,0.20885874,0.023117125,0.25039718,0.1613752,0.08854767,0.02617463,0.14819175,0.04528975,0.15895809,0.028863333,0.21062854,0.10342632,0.1991513,0.026607169,0.23857369,0.1358682,0.051934794,0.016687872,0.092053965,0.023678113,0.034500394,0.016097225,0.082177624,0.014254658,0.21442741,0.025073009,0.26096502,0.1643225,30.02997,2.0916026,0.0012001662,0.0013392031,0.0004082808,0.00024166206,-0.00025224147,0.0003018785,0.1841751069733829,0.0236851065465673,0.1866397667328872,15514.4404296875,17500.580078125,16797.953125,98.0,19.0,0.8805277943611145
6,0,6,44.955284,8.230394,30.336025,1.3349137,28.688032,0.70917535,0.26702777,0.041407794,0.3605318,0.2036834,0.12964396,0.014986564,0.16543035,0.09166761,0.08657285,0.028281536,0.14797556,0.04082838,0.104866885,0.047942705,0.19661982,0.03179745,0.33962607,0.017813653,0.36739737,0.29378062,0.26321524,0.01915167,0.31544334,0.23532057,0.22221574,0.046371087,0.34371486,0.16222462,0.25042725,0.046920184,0.34692615,0.17310923,0.22583592,0.031149358,0.29237714,0.1586508,0.18977122,0.046667203,0.31961745,0.124542356,0.12441622,0.033800285,0.19505656,0.081917346,0.24245322,0.028352313,0.30791223,0.1978628,0.09974712,0.033878513,0.22532502,0.055604767,0.14856856,0.03769045,0.23561066,0.050969057,0.23210178,0.024736643,0.28534663,0.18090206,0.06424028,0.010728122,0.08683294,0.04009306,0.029995317,0.010792994,0.060547546,0.011692301,0.2498038,0.02881544,0.31458706,0.20377326,31.454224,1.6814852,0.004092866,0.0032889107,2.4901647e-05,0.0006773133,-0.0004283836,0.0004918363,0.1803518010873105,0.0141758621917331,0.1835280095884058,15560.0751953125,17273.2890625,16686.794921875,98.0,19.0,0.8831527829170227
7,0,7,45.27872,6.4269786,31.725018,1.6469222,29.200361,1.3050938,0.30735233,0.061699897,0.46463445,0.22277018,0.14023851,0.020496404,0.18519247,0.09699264,0.09926945,0.031192545,0.173356,0.04142829,0.14270875,0.06167173,0.2496486,0.035873674,0.38057423,0.033862848,0.4546097,0.337849,0.3046639,0.040635068,0.40903622,0.2432325,0.26384357,0.07601352,0.45513433,0.17400645,0.27005005,0.044561885,0.33695966,0.18508068,0.26082265,0.045427747,0.4034288,0.17781162,0.22671306,0.072430134,0.44178468,0.1408085,0.1480486,0.049058247,0.24527389,0.073257014,0.27973828,0.04447301,0.4091364,0.21051233,0.11450244,0.02633564,0.17962332,0.063433796,0.17498268,0.040676054,0.33349577,0.079584636,0.26827672,0.040517777,0.3939148,0.1974955,0.07484379,0.025270214,0.151369,0.034972847,0.043161944,0.024523951,0.10726324,0.01828773,0.2885104,0.04450663,0.41515464,0.21379468,32.452267,1.869421,0.0036384594,0.0030359996,-0.00046750295,0.0011885301,-0.0002131645,0.00047508974,0.1770189535058356,0.0113328751428516,0.1791885836013477,15692.88671875,17374.05859375,16728.275390625,98.0,19.0,0.8855833411216736
8,0,8,46.623856,5.541791,33.727066,2.020156,30.338097,1.6475606,0.32839176,0.062590495,0.46289438,0.17393199,0.14742985,0.020514706,0.19245297,0.11331167,0.09371161,0.04116829,0.20584306,0.04481895,0.14479557,0.06844117,0.33098522,0.0437873,0.38627365,0.060727596,0.46527833,0.2069171,0.33049816,0.043845657,0.41030017,0.15966138,0.28414416,0.07623313,0.45397812,0.12589231,0.29136977,0.053429954,0.41654816,0.09288931,0.28174913,0.046955775,0.39262187,0.111249566,0.24261898,0.07114249,0.430775,0.095691085,0.13483281,0.030152049,0.22522102,0.09969242,0.30262324,0.04677895,0.40614402,0.14927931,0.12396186,0.037749782,0.2335509,0.048505556,0.19536816,0.053379323,0.34101486,0.08976533,0.2915098,0.04364457,0.3887446,0.1304673,0.077679336,0.02941641,0.16812992,0.031061614,0.050754935,0.037467543,0.15288334,0.015735583,0.31001273,0.04606504,0.4120729,0.15045907,34.134533,2.1308076,-0.00018266116,0.0006522439,-0.00020886831,0.00040586872,-8.154442e-05,0.00015322669,0.1797974127945096,0.0137719140600436,0.1796076803606568,15721.51953125,17376.0546875,16766.12890625,98.0,19.0,0.8889999985694885
9,0,9,43.63773,6.427815,32.529205,2.9760907,28.63628,2.2977397,0.19597682,0.07269774,0.35164183,0.0,0.091059215,0.049933653,0.1889239,0.0,0.07825225,0.033541918,0.15183076,0.0,0.101660535,0.050154105,0.2598461,0.0,0.21349698,0.08380438,0.37771052,0.0,0.18273239,0.07936344,0.32277915,0.0,0.15741326,0.07082991,0.33547014,0.0,0.22272275,0.07990888,0.38571447,0.0,0.17460625,0.066486865,0.30829772,0.0,0.13516977,0.060540874,0.31528115,0.0,0.079505034,0.04309515,0.16964081,0.0,0.18970756,0.065979585,0.32219654,0.0,0.102450065,0.03824671,0.19683863,0.0,0.13411447,0.044121176,0.2525611,0.0,0.20021568,0.06714594,0.35699785,0.0,0.080139086,0.06018061,0.26752687,0.0,0.0562603,0.052072734,0.23236024,0.0,0.19490227,0.06780187,0.3328727,0.0,32.63938,3.0239775,-0.00045142925,0.00037861688,-0.0002497937,0.00030106734,-7.0707436e-05,0.0001840485,0.176474658565372,0.0221202939479575,0.1814975887675261,15949.5166015625,17816.333984375,17130.17578125,98.0,19.0,0.8910694718360901
10,30,0,66.52634,11.946262,45.52039,7.8387394,31.157686,6.470842,0.29985875,0.12597139,0.55308807,0.0,0.08803408,0.03844998,0.19797406,0.0,0.07305739,0.035996526,0.1575956,0.0,0.08271773,0.028813982,0.17666394,0.0,0.38756475,0.1799078,0.63506246,0.0,0.33588883,0.15350087,0.6146561,0.0,0.27498412,0.114554755,0.5269298,0.0,0.35513622,0.14467819,0.70743155,0.0,0.32249367,0.14182897,0.6221086,0.0,0.25432593,0.10189764,0.44932932,0.0,0.07744224,0.03897808,0.17463268,0.0,0.31012848,0.13386789,0.5906634,0.0,0.08330117,0.025934305,0.14574976,0.0,0.12456022,0.054135695,0.2743057,0.0,0.31760642,0.14314078,0.624388,0.0,0.09565343,0.08066035,0.42395294,0.0,0.069791056,0.06595652,0.3953041,0.0,0.30286825,0.13104562,0.57500875,0.0,43.46511,7.8138666,-0.00079089217,3.0708437e-05,-0.00014427803,4.853238e-06,-0.00016496863,1.2137017e-05,0.2314225682297724,0.0350681324508849,0.2299350579613422,16517.27734375,16933.341796875,17128.00390625,107.0,23.5,0.8589516878128052
11,30,1,77.94783,12.180227,53.7877,8.012156,38.667328,6.7044005,0.24046767,0.105781324,0.40556157,0.10922222,0.14496244,0.039366562,0.21223208,0.071734786,0.08181719,0.040824004,0.17468326,0.035658687,0.10191646,0.038656373,0.18344934,0.028684583,0.25525826,0.14527522,0.5201014,0.056416314,0.23628628,0.1232417,0.4431037,0.097187564,0.20992123,0.09422258,0.35888857,0.09613535,0.19337219,0.09322028,0.37396133,0.057466935,0.22339782,0.122185916,0.44496584,0.08444869,0.19785622,0.08902804,0.35137618,0.062712416,0.12463161,0.038236227,0.18731633,0.062224787,0.23777674,0.10924896,0.41814628,0.10243173,0.10181673,0.035462573,0.1977469,0.043665882,0.14472838,0.060980268,0.28321424,0.06891304,0.22786637,0.115632266,0.43260646,0.094365366,0.06754529,0.019145112,0.11427151,0.03503872,0.049729206,0.02095559,0.1016776,0.017195735,0.23035242,0.11064304,0.41679496,0.09981117,51.817802,8.0306225,-0.0007942608,1.0879046e-06,-0.00014498524,4.3371892e-07,-0.00016381171,2.5061544e-07,0.2170709002372073,0.0295654176399938,0.2241375900859828,15927.9853515625,16502.3984375,16993.0625,107.0,23.5,0.8591023087501526
12,30,2,88.33387,11.658127,61.03711,7.479118,44.763565,5.6867623,0.22573023,0.08375943,0.38184112,0.11784902,0.1731318,0.02363056,0.22036502,0.11893766,0.08864792,0.036832284,0.18459202,0.039679434,0.10561038,0.04518027,0.2377407,0.04108592,0.18898822,0.13031471,0.4347376,0.05484403,0.20028917,0.10621546,0.3906458,0.089072585,0.19024093,0.07471817,0.32688954,0.10346775,0.140486,0.08364492,0.3111914,0.057028398,0.18881826,0.10853033,0.4084376,0.0761384,0.17997737,0.07186594,0.32878914,0.07143767,0.127071,0.036099575,0.18750817,0.06577493,0.2172738,0.0889086,0.39044595,0.11360991,0.112778075,0.022013389,0.17066514,0.07315619,0.13841328,0.051402513,0.27711418,0.068376124,0.19987768,0.098550946,0.39809003,0.10125889,0.06838274,0.01661272,0.104194656,0.02873304,0.056707844,0.02571267,0.13300921,0.015491683,0.20986529,0.09073726,0.38653988,0.108655035,59.086502,7.4290586,-0.00079430727,1.0634052e-07,-0.00014500518,6.845853e-08,-0.00016379789,9.8417516e-08,0.2144085887986968,0.0377010755400921,0.2211102427032342,15477.2802734375,16139.37890625,16764.54296875,107.0,23.5,0.8593209981918335
13,30,3,92.23469,10.053293,62.978928,6.08798,46.153114,4.7317266,0.21595415,0.060331143,0.33325177,0.11866489,0.17032465,0.013160401,0.20324162,0.1384354,0.09083193,0.041989878,0.19636008,0.03971054,0.116352424,0.037364565,0.25005683,0.061423145,0.17739949,0.088602066,0.3589119,0.07116178,0.18943097,0.07643905,0.33965743,0.08643483,0.1838579,0.058771055,0.28387222,0.09058747,0.13355942,0.056690786,0.25703636,0.044304367,0.18235658,0.07694727,0.3512616,0.07043649,0.17473839,0.053496398,0.2929217,0.075612694,0.13692242,0.030881217,0.20322847,0.07451141,0.20590535,0.06396812,0.3369298,0.10209221,0.12141739,0.022860032,0.17799865,0.07423821,0.15678117,0.053291883,0.29903352,0.05865753,0.19024874,0.06984266,0.34085438,0.08579753,0.08624052,0.03195492,0.15702614,0.02906593,0.06665012,0.025206035,0.13034892,0.017780032,0.20056672,0.06387735,0.3349744,0.10573375,61.0575,6.0599704,-0.00079011935,3.5038574e-05,-0.00014547615,6.40383e-06,-0.00016496704,9.771987e-06,0.2140000587474066,0.0296494935223289,0.2191918512215999,15394.458984375,15783.1337890625,16448.08203125,107.0,23.5,0.85736083984375
14,30,4,99.03895,7.577017,66.624954,5.4473896,48.56198,4.943189,0.21982513,0.039644778,0.26888698,0.10499953,0.16041444,0.018426647,0.20454188,0.12097022,0.09763315,0.04861619,0.20488325,0.04180178,0.12421478,0.04601459,0.25590697,0.052359488,0.17981906,0.031256292,0.25861132,0.104126334,0.19054908,0.035347126,0.26372787,0.10206574,0.19076556,0.040814415,0.25307867,0.08313544,0.1459935,0.032417268,0.19901042,0.07520056,0.18768775,0.036327206,0.2568689,0.08144155,0.18222052,0.039033815,0.25121835,0.06262266,0.13732108,0.045833185,0.2431933,0.058155376,0.21007626,0.038189802,0.26804176,0.09922781,0.13893376,0.038505767,0.22167648,0.07078545,0.17387229,0.046075124,0.29419914,0.10565617,0.19242418,0.03353428,0.24761578,0.09720023,0.09829088,0.031018898,0.19755015,0.04524047,0.06119222,0.029346768,0.12226118,0.016130278,0.20257297,0.035228472,0.25118655,0.10203696,64.648575,5.4603376,-0.0007734571,9.31955e-05,-0.00014181358,3.1194242e-05,-0.00016363796,1.8596067e-05,0.2079086234786429,0.040266633280096,0.2183712513552978,15468.9052734375,15835.134765625,16474.150390625,107.0,23.5,0.8603363037109375
15,30,5,102.62509,6.7386775,69.20424,5.657809,50.673565,4.951945,0.24593505,0.025479345,0.28664234,0.19286473,0.1484214,0.036616433,0.22781876,0.08584983,0.11020756,0.044695385,0.21443437,0.05450654,0.12729208,0.037067696,0.21740101,0.055850185,0.21798584,0.031840164,0.30350712,0.15859994,0.2243335,0.029426655,0.29579622,0.1598222,0.21073695,0.018763904,0.24831842,0.15590069,0.16726652,0.052236475,0.30032957,0.1087552,0.21819572,0.033451375,0.3080987,0.14247154,0.20379719,0.021678746,0.26328555,0.14989722,0.15179993,0.04562532,0.2526642,0.056141138,0.237651,0.02562991,0.28979164,0.1844759,0.14416067,0.029657211,0.2111478,0.089751795,0.16561016,0.041689336,0.28878102,0.076536044,0.22286837,0.025458336,0.28699714,0.16235292,0.100722924,0.024595942,0.15887085,0.054203518,0.07235441,0.033497345,0.15503126,0.023550548,0.23288338,0.024742866,0.28241262,0.17315482,67.200096,5.573633,-0.00028275256,0.0012045283,-0.00030966898,0.0005990989,-6.792917e-05,0.00038740863,0.2150280217143145,0.0110161832982403,0.2137412643442196,15935.3681640625,16302.509765625,16387.966796875,107.0,23.5,0.8640278577804565
16,30,6,105.219406,5.330866,72.88003,4.696057,54.902985,4.357302,0.27534917,0.047006562,0.4184145,0.20967211,0.15581357,0.027920377,0.2227898,0.108170256,0.098850936,0.031681694,0.18636279,0.04942726,0.13310125,0.03251306,0.20341367,0.06845162,0.309959,0.040493023,0.3905543,0.21775451,0.28114522,0.046293985,0.4114365,0.21820849,0.24526577,0.05170724,0.40431607,0.18782383,0.23885822,0.059525274,0.4006602,0.13842314,0.26344788,0.054203495,0.42279252,0.15943485,0.23576234,0.056104936,0.40594006,0.16172203,0.16787204,0.054792773,0.29307273,0.08077359,0.27170613,0.04869667,0.41656864,0.19683328,0.1327856,0.028952882,0.18819511,0.06112154,0.1797126,0.06763741,0.38454053,0.08029589,0.26338232,0.050096598,0.41346583,0.18040873,0.09728671,0.037116732,0.23900013,0.05056733,0.06634529,0.032549344,0.13461939,0.016859792,0.26739928,0.048653204,0.41516882,0.19893724,70.95172,4.600224,-0.0007181546,0.0001279659,-0.00010737783,5.8569756e-05,-0.00014237533,2.8845781e-05,0.2122575482720473,0.017857167637216,0.2157011725653829,16207.9375,16318.9208984375,16104.3779296875,107.0,23.5,0.8616715669631958
17,30,7,114.39194,5.62316,82.48127,5.3894067,64.270226,4.984129,0.36701828,0.040732328,0.4349359,0.30407178,0.17807631,0.031477056,0.2563372,0.12393784,0.093520306,0.034348477,0.20768979,0.03729736,0.14719506,0.04076076,0.23847826,0.080565065,0.41066548,0.034921333,0.48241165,0.349981,0.38636953,0.04174227,0.45264035,0.3189288,0.33439487,0.05025423,0.4215921,0.26849642,0.33616337,0.067970306,0.47944576,0.22694238,0.36390382,0.049831375,0.44810492,0.26730123,0.31661925,0.059028555,0.4236637,0.21852858,0.17222323,0.061504405,0.2915429,0.09981909,0.36442596,0.041392904,0.4316419,0.2984475,0.13048871,0.028858135,0.19337645,0.07240635,0.17060573,0.05732431,0.33266667,0.07225592,0.3569701,0.04556276,0.428534,0.27732202,0.08600055,0.026038606,0.14544639,0.04250134,0.06917799,0.031088633,0.13866767,0.0191705,0.3596296,0.044590946,0.43299785,0.2849881,80.39984,5.2212887,-0.0002677313,0.00070304377,6.035138e-06,0.00022698328,-4.419834e-05,0.00013699771,0.202464916213292,0.0423248701570854,0.2147050002796227,16049.658203125,15325.4755859375,15901.904296875,107.0,23.5,0.858159065246582
18,30,8,117.18055,5.644877,85.6979,5.621392,66.96391,5.3953524,0.3721842,0.06854403,0.44548482,0.1895575,0.18818623,0.04608944,0.28979355,0.12491873,0.10847654,0.05603608,0.2769369,0.045275882,0.13942882,0.048184816,0.23344597,0.050536916,0.39792538,0.077663146,0.48320895,0.1893304,0.38605663,0.0800773,0.4618003,0.18113875,0.3379503,0.07115073,0.42828038,0.15589738,0.33679077,0.10871657,0.48754522,0.078394696,0.3661297,0.08000678,0.45131063,0.14321418,0.32005623,0.06965776,0.43379545,0.13329008,0.17421196,0.06109293,0.3276281,0.09848104,0.3689228,0.06954577,0.4437711,0.18402337,0.1382276,0.03777924,0.26786673,0.08284654,0.16813783,0.06129162,0.3247701,0.065314725,0.36179015,0.07396789,0.43997487,0.1644414,0.086619966,0.025901662,0.14916754,0.04381931,0.060466785,0.026940832,0.13384476,0.014394795,0.3643209,0.07305311,0.44156057,0.15939142,83.359436,5.4740295,0.00053683226,0.0018359645,0.00044094614,0.00068601,0.00049997034,0.00061645015,0.2126409192741419,0.0277377851123319,0.2169477273121489,15874.7880859375,15015.4619140625,15763.041015625,107.0,23.5,0.8574483394622803
19,30,9,111.86713,6.438106,81.39316,6.8332796,61.70146,6.627277,0.24144314,0.1136179,0.42452016,0.0,0.13252693,0.069808856,0.25591192,0.0,0.09678608,0.03972096,0.19608194,0.0,0.12682821,0.045101926,0.20641999,0.0,0.18706071,0.092538826,0.41045603,0.0,0.2145183,0.11275346,0.4200095,0.0,0.2101319,0.10545597,0.38585085,0.0,0.22382301,0.09557112,0.3739211,0.0,0.24099301,0.11023817,0.42497247,0.0,0.2104845,0.10093808,0.38504165,0.0,0.11545921,0.060252465,0.29870695,0.0,0.24788532,0.107389495,0.42621216,0.0,0.132954,0.05054499,0.28144288,0.0,0.15128951,0.06174535,0.2953514,0.0,0.2558097,0.0973312,0.41834542,0.0,0.09879787,0.04943096,0.3060987,0.0,0.07005642,0.038794477,0.17582388,0.0,0.24457528,0.1048493,0.4180547,0.0,78.67389,6.5784655,0.0037591003,0.003447134,0.0016376135,0.0009767084,0.0018164101,0.0010170606,0.1857896868053893,0.0569544294469122,0.2059405784109486,16120.5712890625,15575.244140625,17784.791015625,107.0,23.5,0.856072187423706
20,41,0,55.872746,5.8125777,42.223976,2.576682,31.127104,3.0734303,0.21518761,0.051460844,0.27730343,0.0,0.141248,0.052527558,0.23201197,0.0,0.09398062,0.03720774,0.22910935,0.0,0.096191004,0.037032943,0.17400283,0.0,0.2480233,0.11832729,0.5287702,0.0,0.21572877,0.06851717,0.362368,0.0,0.17578034,0.04404806,0.24062178,0.0,0.16183813,0.08783714,0.39314833,0.0,0.17760159,0.05620079,0.30002445,0.0,0.13268957,0.038290713,0.21815813,0.0,0.124594815,0.05744348,0.21555449,0.0,0.21411423,0.051046293,0.32173634,0.0,0.11713047,0.037555933,0.224561,0.0,0.11130761,0.03434588,0.2189259,0.0,0.20685412,0.05693771,0.36971807,0.0,0.08852808,0.08135737,0.4534285,0.0,0.07229314,0.0649365,0.30569515,0.0,0.20723335,0.047542013,0.31345272,0.0,40.37362,2.9594235,-0.0007269213,0.00010849992,-0.00013132469,2.3763178e-05,-0.00017631073,2.7272936e-05,0.2349504810135357,0.0156347695093518,0.239707521447228,20935.69921875,20746.5,21312.75390625,101.5,22.5,0.7542990446090698
21,41,1,59.10601,6.2012835,43.430996,2.9410434,32.969288,3.3661265,0.2826187,0.041545462,0.3850217,0.19029124,0.19514307,0.035004444,0.26442206,0.11134973,0.0989992,0.019524464,0.1422205,0.058690347,0.10078547,0.03809668,0.18557186,0.05194141,0.306065,0.07217157,0.4560514,0.21433116,0.28314883,0.051332295,0.41291875,0.22054169,0.23844543,0.030938087,0.31154004,0.17277756,0.22718377,0.06907123,0.33701658,0.09641,0.25121567,0.054674275,0.38824844,0.15828478,0.18430749,0.041660476,0.30653593,0.10837696,0.18999813,0.05675744,0.33611447,0.1163902,0.2753051,0.04130517,0.37894738,0.20675728,0.13675174,0.03313889,0.22156098,0.06769965,0.1365152,0.046586193,0.28123403,0.075108595,0.26469603,0.05032783,0.3898089,0.17821819,0.06607639,0.026155056,0.12601301,0.020376131,0.055782776,0.030897994,0.11519937,0.01392764,0.27385503,0.045035284,0.39081013,0.19360206,41.975075,3.3161123,-7.609464e-07,0.0023379258,-0.00038509248,0.0009428912,-5.564398e-05,0.0005523375,0.2360549917514328,0.0441840370011458,0.2404212039751833,20640.171875,19992.765625,21306.3203125,101.5,22.5,0.7552444338798523
22,41,2,61.196033,6.418799,43.489677,2.897056,33.62173,2.561137,0.28060654,0.052726407,0.38000992,0.19054964,0.19420815,0.032199092,0.26054597,0.14219086,0.111691415,0.036341343,0.21430734,0.04962912,0.10922476,0.04558594,0.20607404,0.05137268,0.30692756,0.078296416,0.45631662,0.18696144,0.27089223,0.052012194,0.4013831,0.20110784,0.23320973,0.042467445,0.3279245,0.17192955,0.2012986,0.055845305,0.33712214,0.090356104,0.23271893,0.051731903,0.37028432,0.14176096,0.17898859,0.04092765,0.28577995,0.102753006,0.15966402,0.055038065,0.28880623,0.079975255,0.26810992,0.048285678,0.371824,0.20207374,0.16093302,0.06003545,0.29658708,0.07249811,0.14219123,0.040326037,0.22521544,0.057738505,0.25106305,0.04741481,0.3771897,0.1788786,0.060965452,0.031656682,0.13755971,0.016264632,0.057194117,0.03058826,0.113154,0.01254506,0.26688966,0.049793344,0.38278818,0.19389062,42.429264,3.133062,-0.00055010506,0.000875301,-0.00017337849,0.00041370833,-0.0001446873,0.00021026118,0.2338815098428999,0.0425497537391997,0.2397938597970004,20842.66796875,19690.90234375,21764.83984375,101.5,22.5,0.7626211643218994
23,41,3,60.593872,7.3707438,42.677948,3.6045475,33.95285,2.3321447,0.26010346,0.031626523,0.32968402,0.19710234,0.15935859,0.026802264,0.21264729,0.09214063,0.09455246,0.034468077,0.1874175,0.040460665,0.10038823,0.042702287,0.20332623,0.034947414,0.25059327,0.048454434,0.37807035,0.18161598,0.24352884,0.030060437,0.32717946,0.1971774,0.21247235,0.02755305,0.2569131,0.16160013,0.15979663,0.042549428,0.26763383,0.07172773,0.21018316,0.03320004,0.3082318,0.118622646,0.16184846,0.029998083,0.2364486,0.117300294,0.148357,0.060255095,0.2873475,0.08131362,0.24398962,0.029485205,0.31836432,0.18016753,0.13385512,0.04508164,0.23934971,0.04877599,0.13090141,0.04215918,0.22227608,0.04765839,0.22633123,0.029561104,0.31701326,0.14695786,0.067272976,0.03563813,0.1409105,0.02209893,0.05757936,0.031383496,0.116077006,0.010714627,0.24540876,0.030376893,0.32514113,0.17362623,42.02125,3.558836,0.00012813308,0.00233739,-0.0003935634,0.0010548424,-2.22514e-05,0.0006163971,0.2218631094164811,0.0292868330305343,0.2191527053041387,20889.99609375,19443.82421875,21385.869140625,101.5,22.5,0.7676757574081421
24,41,4,58.708096,7.083217,41.13118,4.7002144,33.15419,3.3183255,0.21817978,0.040243533,0.29562882,0.139733,0.14703126,0.03627586,0.2260953,0.09098877,0.09948478,0.04102331,0.22103243,0.042721204,0.11638661,0.07298221,0.30552155,0.03494966,0.19206764,0.0413826,0.27463248,0.10597558,0.18371098,0.044379544,0.2677723,0.08835727,0.17470619,0.037826147,0.25109616,0.10146845,0.13270429,0.04810506,0.24456787,0.040749244,0.16503587,0.040776238,0.24377078,0.07416917,0.13455574,0.031804413,0.21600126,0.09214569,0.13268688,0.037699863,0.24479909,0.07906856,0.20472454,0.040991485,0.2798373,0.12446305,0.12872314,0.058777418,0.25059497,0.050079606,0.11864543,0.030497588,0.1988364,0.060378216,0.18283859,0.036031168,0.24672285,0.10623122,0.060306843,0.03148165,0.12580624,0.014878703,0.05705348,0.028890707,0.121708035,0.012125498,0.20082714,0.036278725,0.27746552,0.12857305,40.65341,4.468903,-0.00046377233,0.00032117617,-5.5966862e-05,9.169371e-05,-0.00014397032,5.236558e-05,0.2100448119886079,0.0317067108396115,0.2141594367269493,21138.06640625,20088.884765625,21967.59765625,101.5,22.5,0.7722737193107605
25,41,5,59.70007,5.7881856,41.829178,4.74181,33.44647,3.872905,0.20879126,0.045156408,0.28567776,0.11890192,0.12449128,0.030825756,0.18217665,0.07759747,0.0955813,0.038591065,0.21106765,0.043765433,0.10432322,0.04141174,0.24323714,0.05265559,0.20415477,0.070357375,0.31960067,0.10738727,0.18939936,0.048238624,0.28002888,0.11669324,0.16718045,0.045563415,0.233201,0.085097685,0.157996,0.05416726,0.2599489,0.0586548,0.19157048,0.05359672,0.3119058,0.095787,0.13227028,0.033041105,0.22087462,0.07698901,0.13945675,0.03077143,0.19349167,0.07717338,0.20592616,0.04461536,0.29629934,0.12981635,0.122467525,0.035470158,0.20462684,0.057461232,0.13046093,0.03408854,0.20317015,0.06741565,0.20205459,0.046700235,0.30449817,0.114747025,0.06996029,0.039810814,0.17387596,0.025979405,0.05529359,0.029932719,0.107754685,0.009199463,0.20434552,0.046202302,0.29649156,0.113592945,41.277153,4.525657,-0.00018553105,0.00047245427,-3.037229e-07,0.00016713714,-0.0001221305,8.413863e-05,0.2085029404475504,0.0120271178905584,0.2140172150628633,20908.01953125,20144.6484375,21547.0859375,101.5,22.5,0.7778878211975098
26,41,6,59.882343,7.235501,40.143597,5.2426276,31.342031,3.8759072,0.20460083,0.05120624,0.3111756,0.117041215,0.11871887,0.019727109,0.1852984,0.08359739,0.09614831,0.027152324,0.16242221,0.05358299,0.12310879,0.042477336,0.2207683,0.057074774,0.23779076,0.09825644,0.39749485,0.09337571,0.2019915,0.06488533,0.3317497,0.110503905,0.16070709,0.042474486,0.24779987,0.08880722,0.16486683,0.07524257,0.33706903,0.059617992,0.19144884,0.067031905,0.36132616,0.092220955,0.13420372,0.04736081,0.27502134,0.057241194,0.12953092,0.027513593,0.18925563,0.08128091,0.20235564,0.05603192,0.32923526,0.11359379,0.12847139,0.034496296,0.21157657,0.0688062,0.1330847,0.06324805,0.30635652,0.06366546,0.19855326,0.058592368,0.31689456,0.112983055,0.084282726,0.052674823,0.24141043,0.017370451,0.06523232,0.041593615,0.17354865,0.008885451,0.20120676,0.053723752,0.30469814,0.12400844,39.67598,5.0103827,-0.00011838844,0.00061867095,0.00010000072,0.00025738747,6.016602e-05,0.0001964269,0.1947442176463411,0.0366624787189375,0.2050325902417027,20672.08203125,21651.634765625,22043.158203125,101.5,22.5,0.7839525938034058
27,41,7,58.72606,7.2103615,40.626743,5.438881,32.032436,4.063626,0.21384354,0.052349366,0.31743073,0.102619335,0.12047666,0.019957023,0.16873622,0.0844693,0.10690256,0.05614567,0.23589042,0.0403043,0.12538712,0.074070305,0.3318929,0.044331875,0.2776952,0.09936288,0.4156809,0.107029594,0.21782956,0.06599089,0.32695907,0.0901707,0.16675732,0.040545065,0.25768402,0.077781454,0.18259016,0.05117714,0.27787003,0.086836845,0.20080566,0.046354536,0.27758864,0.09565227,0.14251132,0.051251158,0.24209192,0.043045815,0.12992783,0.038872063,0.20393956,0.05880533,0.21341796,0.053665403,0.32299185,0.10214909,0.13772085,0.055406746,0.24642748,0.046956155,0.12595624,0.04066103,0.23304419,0.061313156,0.20696999,0.049712073,0.28922445,0.09846537,0.076632164,0.04514314,0.20443417,0.020803303,0.06487851,0.03707655,0.14659119,0.011409819,0.20711155,0.050787393,0.29349625,0.09304767,40.06926,5.159242,0.0005731731,0.0009833737,0.00022503755,0.00029311102,0.00046649002,0.00043971883,0.2038555639143349,0.0142586506654362,0.2047705619759172,20851.984375,22126.8671875,21865.75390625,101.5,22.5,0.7942121028900146
28,41,8,51.939384,10.591656,38.43358,7.6323676,31.069927,5.205176,0.22226489,0.06255306,0.32015043,0.09715136,0.12500603,0.033676732,0.19854468,0.068889104,0.120914556,0.05737255,0.28635958,0.0370863,0.14167342,0.092925094,0.39250085,0.049577225,0.29308408,0.0657177,0.4201972,0.15525094,0.23356654,0.066420086,0.33048242,0.11934319,0.17662421,0.05120675,0.2589481,0.06541976,0.20031528,0.05725115,0.27883774,0.101693235,0.21303724,0.0537619,0.30678624,0.09272,0.15103346,0.06156322,0.2762739,0.036240876,0.10504257,0.035254862,0.1789066,0.05251652,0.22070618,0.063477434,0.32321972,0.101981014,0.13687754,0.04993389,0.22118087,0.046413273,0.13067083,0.04384887,0.2695857,0.070590444,0.21773182,0.05786333,0.31800997,0.10791817,0.08476755,0.04925605,0.21173848,0.018508298,0.060881786,0.032338664,0.124352396,0.010650424,0.21904178,0.059238203,0.31981614,0.1014364,37.744534,7.13286,0.002040833,0.0013629057,0.0006116628,0.00044638364,0.0012602038,0.0005201939,0.1933276775335686,0.0231323315062065,0.1984717583184446,21160.900390625,21930.48828125,21665.224609375,101.5,22.5,0.8100677728652954
29,41,9,45.864426,9.731524,36.23253,6.3443003,29.500988,4.263591,0.20206466,0.060163446,0.29149646,0.0,0.07167737,0.03500016,0.14221063,0.0,0.080399744,0.042804815,0.19078006,0.0,0.09918996,0.06717453,0.3483093,0.0,0.34213668,0.111503765,0.4926213,0.0,0.24435914,0.09082435,0.40228248,0.0,0.17309807,0.061896954,0.29243958,0.0,0.25874916,0.10333788,0.45891324,0.0,0.22268192,0.069795996,0.34941843,0.0,0.13252495,0.04095389,0.23183993,0.0,0.07310151,0.045408998,0.17489298,0.0,0.21098575,0.06312797,0.31888247,0.0,0.11414175,0.073379315,0.3349657,0.0,0.094670944,0.03490441,0.17002855,0.0,0.22499642,0.06856489,0.35187533,0.0,0.06503287,0.03888478,0.17661443,0.0,0.06275503,0.04100703,0.17173572,0.0,0.21085384,0.06373465,0.31275648,0.0,35.296696,5.9922366,0.0042242454,0.0021934789,0.0011164994,0.00078248803,0.0024237146,0.00075196585,0.1927262986955413,0.0139082043067636,0.1951119905215102,21441.9375,22598.73828125,22592.146484375,101.5,22.5,0.8275494575500488
30,6,0,83.12236,8.34866,66.99891,7.7156844,48.040817,7.0378165,0.17819683,0.072220534,0.3048251,0.0,0.13754973,0.059796177,0.22587529,0.0,0.09007723,0.041375987,0.21959698,0.0,0.08519301,0.025189992,0.15523183,0.0,0.19424395,0.077692,0.34147608,0.0,0.17613398,0.07684924,0.32357347,0.0,0.15871127,0.0670867,0.28927028,0.0,0.17598781,0.07224133,0.37707067,0.0,0.15990838,0.069312915,0.32771912,0.0,0.13922216,0.059012007,0.2695074,0.0,0.12814277,0.058580104,0.25849652,0.0,0.17671864,0.064975545,0.2985361,0.0,0.09544969,0.03795133,0.23284319,0.0,0.10403759,0.03988471,0.23948863,0.0,0.17429157,0.058891494,0.29107174,0.0,0.08146858,0.06512642,0.32329556,0.0,0.063510545,0.04102923,0.20602456,0.0,0.17378679,0.06570355,0.29527965,0.0,63.01972,7.4993825,-0.0007878787,2.2775868e-05,-0.00014223729,9.098528e-06,-0.00016583163,7.896262e-06,0.2171889881971219,0.0298457648275894,0.2208933690539623,16380.72265625,17521.53515625,17925.2734375,102.5,23.0,0.7461861968040466
31,6,1,91.65211,4.1624217,73.83251,4.0135756,55.828056,3.0036232,0.34537408,0.05277288,0.43098566,0.18737802,0.20662408,0.031234866,0.28476202,0.1269709,0.09243519,0.0291576,0.19668406,0.041692566,0.11997005,0.036928777,0.19320796,0.052020743,0.4279832,0.07692881,0.64663625,0.21307378,0.37982187,0.05249233,0.4992268,0.2225619,0.32894036,0.051386334,0.4017389,0.17988321,0.43042296,0.07904434,0.5257688,0.16919401,0.34613225,0.0597774,0.41531196,0.15739071,0.2769183,0.04495493,0.33735338,0.1389659,0.23067965,0.041266058,0.33551046,0.16688919,0.34277448,0.052972537,0.42784983,0.17095491,0.12901488,0.029899782,0.2012631,0.058941595,0.12614088,0.026185377,0.1968222,0.07325824,0.33646354,0.050413173,0.41700625,0.17542973,0.05676338,0.025046736,0.115694195,0.020293863,0.053655773,0.022255838,0.11935411,0.025377119,0.33818018,0.050966945,0.42874083,0.18720916,70.307816,3.6217325,-0.0007702231,6.377741e-05,-0.00013573813,1.9452908e-05,-0.0001706642,2.2932718e-05,0.2093493392863559,0.042548537289518,0.2157258774014012,16380.7001953125,17278.16796875,18511.875,102.5,23.0,0.7607938647270203
32,6,2,92.26849,6.82507,71.25432,6.438534,53.865612,6.3890104,0.33849564,0.09110945,0.544561,0.20870984,0.20361489,0.023740299,0.25143647,0.15705968,0.09302913,0.024172891,0.1505534,0.050005548,0.12877338,0.027991315,0.19924814,0.062153567,0.477663,0.15993327,0.7675191,0.22932568,0.37908977,0.11938337,0.64082813,0.2151295,0.3189534,0.09367769,0.52559394,0.1904028,0.4088451,0.13021176,0.6588188,0.15251319,0.32968265,0.08888429,0.5261803,0.18046197,0.26573017,0.071808584,0.43332905,0.14959215,0.21564388,0.03649583,0.2888526,0.14801721,0.3334829,0.09140564,0.5408496,0.2091608,0.113492414,0.026634892,0.15588056,0.058558702,0.15522198,0.0306951,0.23622556,0.1034926,0.322014,0.089731336,0.52049625,0.2012287,0.057478085,0.028171482,0.14548406,0.026231425,0.06703945,0.018213363,0.11326477,0.036037184,0.32556945,0.08820756,0.52191955,0.1991433,68.23165,6.375719,-0.00076446176,8.438327e-05,-0.00013338264,2.6332476e-05,-0.00017130938,2.9285466e-05,0.2101388805134884,0.0320119145236611,0.2112198303333822,15940.6728515625,16817.552734375,18129.560546875,102.5,23.0,0.7689055800437927
33,6,3,90.14149,9.525866,64.7606,8.117007,46.84501,7.416637,0.3114188,0.108907655,0.55624217,0.1935404,0.18859033,0.028007604,0.23818353,0.12866455,0.09572561,0.027699513,0.16137272,0.05284624,0.15131979,0.04968912,0.31538877,0.07201966,0.3432921,0.16381453,0.7536788,0.13181156,0.326564,0.13800466,0.64529425,0.15871565,0.28855386,0.1109433,0.5373669,0.1801348,0.3500411,0.1592456,0.67199856,0.13094707,0.29907838,0.11178255,0.5493212,0.16126497,0.24323507,0.08994129,0.46890447,0.13630763,0.19919492,0.046890825,0.28814867,0.11614651,0.30651948,0.10956213,0.551219,0.19170153,0.110187635,0.021186683,0.15623939,0.067158304,0.17590122,0.04719487,0.3263644,0.09835116,0.2946277,0.10792712,0.5364232,0.18846494,0.0636711,0.035742898,0.16676643,0.026809245,0.07245155,0.017323596,0.109898984,0.042384032,0.29857332,0.107225984,0.54026866,0.18481138,62.051876,7.9443946,-0.00072595506,0.0001719819,-0.00011829227,4.9104765e-05,-0.00017914646,5.3004278e-05,0.1994771021634412,0.0414780346177269,0.2078014415693461,15090.47265625,16595.791015625,18064.41015625,102.5,23.0,0.7433316707611084
34,6,4,82.77892,4.6274757,51.74118,4.8636136,34.504974,4.2503977,0.17477116,0.04257902,0.27983046,0.10368102,0.15928781,0.03889448,0.22223805,0.08966316,0.09562275,0.024652677,0.14748108,0.048716396,0.1889523,0.052724496,0.32504323,0.093021005,0.1445042,0.040617853,0.256023,0.09831825,0.1445407,0.033701763,0.22848675,0.09383527,0.14558846,0.038865115,0.24268779,0.084572956,0.16064951,0.055196565,0.2844034,0.076715834,0.1497298,0.041794594,0.23850161,0.07624873,0.13373397,0.03763185,0.21973297,0.07060554,0.13475557,0.02668273,0.18990135,0.082661316,0.16814975,0.043247268,0.26688796,0.10082312,0.123088814,0.021845179,0.1695762,0.07465193,0.20175377,0.041787118,0.33557984,0.13550034,0.1599489,0.039111372,0.23898113,0.094483405,0.059954844,0.018796876,0.11252117,0.031882852,0.08369011,0.022516534,0.13903022,0.04369868,0.16407488,0.038479336,0.2571107,0.10271404,49.77298,4.608371,-0.00022879141,0.0006526054,5.6033583e-05,0.00021238918,-0.00027442537,0.00015426171,0.1988382454476472,0.0260580668561673,0.2028437502480949,14088.41796875,16609.6640625,18647.486328125,102.5,23.0,0.5883188843727112
35,6,5,91.4856,6.112926,53.27102,5.007976,35.220245,4.350355,0.15529467,0.037262574,0.28163302,0.11049507,0.17551205,0.031399287,0.23631603,0.10915089,0.11114332,0.030317819,0.17532802,0.045929182,0.2201094,0.05361077,0.35844046,0.124395095,0.17963518,0.04809596,0.30664825,0.10348196,0.14443928,0.037321184,0.25515288,0.09093371,0.12856156,0.033102315,0.24416189,0.08731358,0.18206291,0.03122979,0.26389444,0.12668243,0.1414306,0.03482363,0.222875,0.09479612,0.11449728,0.027937857,0.20279145,0.069223575,0.12601054,0.032866966,0.20021406,0.06757445,0.1473402,0.034615126,0.25685412,0.10534284,0.12667249,0.034821674,0.20976812,0.067675255,0.21090707,0.0539983,0.3232044,0.092945255,0.13772984,0.031827144,0.24118944,0.09562162,0.0583794,0.016962774,0.09983069,0.027488366,0.09466051,0.020887865,0.14478284,0.0518834,0.14363995,0.03657862,0.27148637,0.092602484,51.738407,4.8486123,-0.00022335417,0.0006159281,8.428989e-05,0.0002146319,-0.0002360396,0.00013959048,0.2052617029404591,0.0233587669555286,0.2091029446655959,13877.001953125,16567.259765625,18621.541015625,102.5,23.0,0.5815606713294983
36,6,6,98.31428,10.874365,58.90411,8.286142,40.11049,6.6766763,0.21728893,0.07434295,0.35699728,0.089793414,0.15238674,0.029263267,0.19933875,0.09704188,0.079645686,0.023909038,0.13852686,0.034391742,0.17455786,0.040499285,0.27572176,0.07822258,0.27014866,0.1038054,0.41095635,0.106313944,0.22324704,0.09095911,0.3545035,0.07695687,0.1904295,0.07306231,0.32377878,0.07357322,0.23511639,0.08018943,0.37464434,0.108545214,0.1988217,0.07548843,0.31369287,0.067389786,0.15856713,0.05201332,0.24901992,0.05757078,0.13381359,0.033226166,0.23618014,0.073552,0.20732336,0.071627155,0.34817678,0.080398574,0.09464922,0.01997181,0.14513083,0.051215798,0.18174213,0.044113062,0.31829417,0.108623505,0.19490807,0.071485445,0.32810774,0.07340502,0.04581082,0.014204195,0.09796989,0.02548514,0.08722612,0.02077086,0.13352266,0.04265019,0.20463154,0.07523711,0.3424524,0.0824359,57.390404,8.115428,-0.0006049643,0.00028859059,-7.791258e-05,7.64835e-05,-0.00014377963,5.674643e-05,0.2143179299996768,0.0340747355690712,0.2219211656616274,14565.8720703125,17325.3203125,18965.7734375,102.5,23.0,0.6459249258041382
37,6,7,101.03438,11.788608,61.24864,9.182311,42.965275,6.877435,0.21656197,0.07829899,0.37086132,0.09048691,0.13208075,0.033040684,0.19906309,0.074078634,0.07341004,0.027581519,0.1422873,0.028784327,0.18242313,0.040604364,0.27106002,0.08346292,0.2742421,0.10058329,0.40742728,0.10568352,0.22791797,0.08839955,0.35585043,0.083091825,0.19327806,0.074601285,0.33091283,0.0750636,0.2389946,0.08656018,0.39129758,0.11053522,0.20239381,0.085204564,0.33583486,0.06518963,0.16132993,0.060085695,0.2673316,0.062291533,0.11186049,0.037136167,0.20595223,0.063224815,0.20875932,0.07859517,0.3631798,0.0806568,0.090642355,0.02975998,0.15254027,0.042223457,0.16377409,0.045236662,0.25772762,0.08383597,0.19788973,0.07826931,0.34144557,0.074647,0.047416504,0.015186074,0.07782329,0.016741505,0.070099734,0.018158676,0.11762063,0.041148476,0.20627394,0.07882901,0.35486805,0.08525879,59.975586,8.765939,-0.00063483766,0.00015910047,-7.82177e-05,6.178408e-05,-0.00012092309,4.6806148e-05,0.2190836056677805,0.0055414704993209,0.2209060799603805,15027.744140625,17233.18359375,18406.671875,102.5,23.0,0.687816321849823
38,6,8,95.8313,9.065667,58.351402,6.4224763,41.07631,4.6760297,0.17397682,0.035403572,0.3028139,0.13113749,0.12931485,0.03496399,0.21589153,0.084129244,0.06688653,0.030096972,0.12790494,0.022289194,0.1437948,0.046227038,0.28168386,0.066302404,0.24731076,0.06296927,0.34113255,0.13462609,0.18182747,0.0470948,0.32237697,0.11136359,0.14994587,0.03473454,0.2721714,0.102931544,0.19988516,0.046844,0.39952987,0.14062564,0.16097885,0.052644927,0.38578185,0.098395,0.12755524,0.03662056,0.2855661,0.06765625,0.10761344,0.030272199,0.19997454,0.046034086,0.16633415,0.038212646,0.3068517,0.1144351,0.08638306,0.025914216,0.1549953,0.04459076,0.14743593,0.039347127,0.2352964,0.096096225,0.15639883,0.039964434,0.31162938,0.10446823,0.04260872,0.014616808,0.073347315,0.019114787,0.065419815,0.020163039,0.13887903,0.03427298,0.16271535,0.037199367,0.3028954,0.11741066,57.16515,6.146949,-0.00043366742,0.0004746155,-5.9373975e-05,0.00018009277,-4.4129723e-05,0.0001827397,0.2146210190856506,0.007114013628703,0.2172821520036424,15614.2138671875,17459.244140625,18465.513671875,102.5,23.0,0.7204806208610535
39,6,9,93.53698,10.206712,59.519394,8.51927,41.64671,6.1665897,0.15332158,0.062822305,0.31267062,0.0,0.10463282,0.049680512,0.1953116,0.0,0.060765743,0.02398156,0.12463304,0.0,0.118215926,0.04257225,0.20642698,0.0,0.1899522,0.073828995,0.328107,0.0,0.15438886,0.074331395,0.3307275,0.0,0.13211644,0.05981354,0.27948824,0.0,0.1950633,0.08250966,0.41116637,0.0,0.15504338,0.08103096,0.3997541,0.0,0.11823568,0.061143532,0.30266717,0.0,0.08053714,0.047344707,0.21750376,0.0,0.15139058,0.06116894,0.3169811,0.0,0.0701214,0.023484046,0.12690715,0.0,0.09502287,0.04075124,0.17642114,0.0,0.15383476,0.059971225,0.3220486,0.0,0.045907408,0.03135409,0.16883083,0.0,0.049528103,0.012454556,0.099254675,0.0,0.15110457,0.06021628,0.3130644,0.0,57.80622,7.952239,-0.00023572115,0.0005661765,-9.545766e-05,0.00016128375,6.153181e-05,0.0002108805,0.2078876937931909,0.0214570845937283,0.2113178284590436,16139.1796875,17795.1328125,18191.2265625,102.5,23.0,0.7469851970672607
40,5,0,76.89847,5.636949,59.530293,4.6294203,42.453983,5.79983,0.16663334,0.11331026,0.59759885,0.0,0.09754482,0.047215544,0.19665894,0.0,0.07756147,0.036200427,0.19533572,0.0,0.08689411,0.041135922,0.19274323,0.0,0.19733383,0.12688132,0.44031045,0.0,0.19900064,0.14929742,0.5837006,0.0,0.15489043,0.10759102,0.5179702,0.0,0.19167198,0.14426304,0.75617665,0.0,0.16153452,0.12948515,0.78947926,0.0,0.14498384,0.1219057,0.8119333,0.0,0.12711178,0.06948947,0.26498407,0.0,0.17204747,0.119764745,0.6705408,0.0,0.06986308,0.027694441,0.12618646,0.0,0.111871794,0.07843641,0.32573867,0.0,0.17810766,0.12291221,0.71514326,0.0,0.10133095,0.09888774,0.66732347,0.0,0.09114842,0.084021956,0.40184626,0.0,0.17054653,0.11569466,0.63985056,0.0,56.221542,4.9570312,-0.0007561895,9.513552e-05,-0.00012721783,4.126856e-05,-0.00016768306,2.0240977e-05,0.1886545878910524,0.0170007565219431,0.1842152234816528,16812.47265625,18019.328125,18517.07421875,98.5,22.0,0.7530561089515686
41,5,1,81.57913,4.1359434,62.55212,3.4217353,46.654945,5.115086,0.24163899,0.08966837,0.35843027,0.07172282,0.15688828,0.031594817,0.21054357,0.10172993,0.073656194,0.017613484,0.11028905,0.038502708,0.09973487,0.031702362,0.20572266,0.05873758,0.35783827,0.06914471,0.4516381,0.17454337,0.29478857,0.054003883,0.38029113,0.18578105,0.22869954,0.07768956,0.3278557,0.07535287,0.2827361,0.10465152,0.424707,0.07280007,0.24286704,0.10699122,0.40271497,0.04592333,0.20472954,0.08624249,0.32229036,0.042143796,0.22903982,0.05680709,0.34558162,0.1332608,0.24063954,0.09316931,0.36063522,0.065104656,0.06490449,0.024457913,0.122038804,0.027696967,0.10962718,0.038670026,0.18368202,0.04229925,0.23881611,0.09827205,0.37704188,0.054368474,0.04817034,0.021250494,0.09128966,0.013511642,0.051397357,0.014941074,0.074884,0.022342667,0.23945406,0.09360742,0.35822898,0.061353225,59.77968,3.884324,-0.00069254055,0.00013515621,-9.6560216e-05,5.6617628e-05,-0.00017171781,3.5081695e-05,0.1949995557940361,0.0139964774558561,0.1996815578582824,18278.166015625,19527.13671875,18273.185546875,98.5,22.0,0.8764426708221436
42,5,2,82.039154,6.3947988,60.602333,4.872804,45.659267,5.4404135,0.25143918,0.09306316,0.36597255,0.08403041,0.14989768,0.044152487,0.21696104,0.08157122,0.06843763,0.01692288,0.10911838,0.033677027,0.109520376,0.041477088,0.22726795,0.043301675,0.36780852,0.088128045,0.49380434,0.18447188,0.3042656,0.06110373,0.38264662,0.18602198,0.23661003,0.08085558,0.33022678,0.0858199,0.28361836,0.11601856,0.40831685,0.055429153,0.2483727,0.10904095,0.37799218,0.05420552,0.21214585,0.08945267,0.34007582,0.05078255,0.20464173,0.06283853,0.34586182,0.096813396,0.24938005,0.09576372,0.36558545,0.07632577,0.064817145,0.030926328,0.14762636,0.02715411,0.116835766,0.04132929,0.17650561,0.048030585,0.2460286,0.100259006,0.3611027,0.06605463,0.047529817,0.02564705,0.09260145,0.01314473,0.05569622,0.019817717,0.090557344,0.023194239,0.24787404,0.09670229,0.3632633,0.073718734,58.39854,5.086567,-0.0005042277,0.00030695056,-1.7605757e-05,0.00011978762,-0.00018287006,5.355864e-05,0.1889965368236016,0.0297537682293471,0.1980437733078214,17831.080078125,18795.05078125,18128.6484375,98.5,22.0,0.8811768293380737
43,5,3,86.61432,9.32579,61.353672,7.58172,45.64703,6.9533353,0.26566392,0.11418481,0.44073328,0.07145369,0.14003344,0.031621825,0.22062877,0.08772756,0.07173037,0.020217905,0.13509123,0.04556069,0.11999283,0.03715262,0.2341312,0.068417996,0.3518816,0.13681518,0.5500289,0.1477685,0.30563426,0.10009007,0.48749444,0.12930286,0.2473011,0.1028041,0.40528297,0.06793277,0.29433286,0.14749499,0.4977577,0.047939815,0.26046717,0.12946714,0.45310783,0.04408911,0.22489022,0.10945618,0.40327144,0.042119417,0.20979689,0.06311798,0.36124936,0.11283814,0.26293868,0.11785655,0.44212174,0.062074076,0.07281885,0.03553035,0.15287241,0.035012502,0.13739012,0.05377881,0.24622314,0.039415117,0.25881526,0.12069498,0.43718722,0.054513898,0.051030394,0.028940761,0.110508025,0.013875094,0.06400938,0.019220898,0.10329803,0.025782267,0.2615959,0.11725727,0.43614155,0.06232066,59.310253,7.5180817,-0.00036498558,0.00041922153,-7.0061233e-06,0.00012641102,-0.00022504818,9.945936e-05,0.1869735009926413,0.0259129097354629,0.1910885021116004,17351.369140625,18327.18359375,18009.05859375,98.5,22.0,0.8865463733673096
44,5,4,83.56541,11.684752,55.736324,9.540997,40.433746,8.32663,0.23608254,0.11614105,0.43232876,0.065642074,0.14291994,0.05140569,0.26040775,0.075828955,0.08165173,0.029394008,0.15598258,0.037652504,0.15373172,0.06661953,0.3247282,0.064126484,0.2954949,0.10332491,0.53502095,0.15993297,0.25974807,0.102048546,0.47418174,0.12277367,0.21365821,0.104125805,0.39852276,0.063600406,0.2520233,0.13779585,0.48448253,0.046149895,0.22895329,0.12806597,0.43496373,0.035326652,0.19827761,0.10849024,0.3931921,0.034030292,0.2292184,0.08373071,0.39472592,0.07562991,0.2322633,0.11796584,0.43182543,0.0569818,0.08729351,0.054999977,0.25457913,0.031436846,0.16255876,0.058702633,0.27757454,0.044848092,0.22962585,0.12118885,0.4240345,0.047565572,0.057071142,0.032215558,0.11542514,0.017484164,0.07840227,0.026367197,0.14775932,0.0322064,0.23254478,0.11930016,0.42575732,0.055715688,54.037228,9.299299,-0.00026513907,0.0004917074,9.4674084e-05,0.00019760098,-0.00015275607,9.608734e-05,0.1904867766875009,0.0296504361233985,0.1957646654735803,16887.1875,18483.263671875,18101.826171875,98.5,22.0,0.8765755891799927
45,5,5,80.48433,4.918766,48.432735,3.9906764,32.997433,3.6522102,0.19088227,0.067520775,0.33589828,0.08829072,0.15464069,0.047227427,0.2734862,0.08496104,0.10331737,0.03682754,0.21354489,0.05795767,0.17567635,0.059493,0.34415907,0.093875006,0.21351342,0.03602197,0.27848616,0.14920634,0.18869637,0.040823042,0.27631357,0.10923809,0.16123143,0.051490296,0.27395102,0.081286915,0.17657696,0.06126796,0.289924,0.06819633,0.16811615,0.07669556,0.3316989,0.040156927,0.1531613,0.06563063,0.29325277,0.052964617,0.15111527,0.0469298,0.2936262,0.07174856,0.18162993,0.06760474,0.33427408,0.08358416,0.09754376,0.040583678,0.18610568,0.036296774,0.1869244,0.058533933,0.31618991,0.06986544,0.17481579,0.07165029,0.3174191,0.06695399,0.06780699,0.04048808,0.17667982,0.02128043,0.09474658,0.035638217,0.17793772,0.045487076,0.18201366,0.069346115,0.31953448,0.08050459,47.044228,3.91199,-0.00058487547,0.00030695196,-4.4959997e-05,0.00012301025,-0.0001315571,5.0769202e-05,0.2019414893539415,0.0232270146269184,0.2077345616916099,15709.525390625,18293.291015625,17782.3984375,98.5,22.0,0.7834780812263489
46,5,6,76.05247,5.725339,44.543434,3.996621,30.489609,3.604266,0.16041993,0.0696154,0.29823804,0.0759736,0.14904755,0.050161388,0.2649146,0.07081682,0.09778429,0.03277429,0.18223083,0.038565483,0.16238792,0.048323374,0.28405216,0.08726327,0.19849396,0.038157344,0.2728903,0.14549974,0.15953709,0.047123108,0.2601055,0.097182676,0.13512385,0.0563939,0.25261757,0.061285604,0.16220844,0.07513751,0.2976563,0.06101822,0.13458225,0.07586954,0.33088052,0.037282765,0.12515554,0.06177456,0.2598592,0.040019877,0.13081889,0.029099017,0.18822157,0.07311865,0.14904916,0.06658404,0.29873997,0.0590579,0.08932457,0.048543673,0.24342023,0.027399879,0.16228689,0.051565416,0.3035986,0.054390468,0.13743897,0.06768486,0.3035025,0.052347593,0.06509329,0.04119568,0.18082689,0.017112406,0.0881156,0.035553653,0.15961114,0.040086053,0.14875247,0.06913401,0.29318655,0.06503662,43.553185,3.9679103,-0.0005666914,0.00027840276,-2.402158e-05,0.00015276279,-7.7485405e-05,0.00013806875,0.2040073645068703,0.0274455414742462,0.2083996787111404,16006.1123046875,18125.775390625,17605.890625,98.5,22.0,0.775198757648468
47,5,7,79.956795,3.0764513,47.70378,2.613312,33.58683,2.8945394,0.14327982,0.03264338,0.20465091,0.0942668,0.16466011,0.059804447,0.2801925,0.06870441,0.08288172,0.02873503,0.17382082,0.033197127,0.17054592,0.052726407,0.3085371,0.08149009,0.18622336,0.026077714,0.25410932,0.15252948,0.15453048,0.036724832,0.23514396,0.09482869,0.12120643,0.021195894,0.154995,0.074730076,0.14217176,0.03863316,0.19125941,0.050755553,0.11749062,0.036218714,0.17581104,0.051410545,0.108385585,0.03063843,0.18008234,0.0513294,0.10826044,0.023264274,0.16040045,0.059412017,0.13295983,0.03039211,0.1898509,0.0836374,0.07414749,0.034037195,0.16982192,0.028870564,0.15740041,0.05270152,0.30183756,0.06865545,0.12138769,0.029449407,0.16967377,0.065709084,0.052570514,0.027133895,0.10897004,0.014957191,0.08205488,0.031786114,0.18287776,0.037253905,0.13086809,0.0309528,0.18539189,0.07788404,46.84666,2.5945818,-0.0006110321,0.00017049827,-6.670136e-05,7.723327e-05,-0.00010102103,6.932965e-05,0.2047875723176963,0.0139695094386597,0.208376605911552,16434.2734375,18003.6875,17657.0546875,98.5,22.0,0.7990731596946716
48,5,8,78.6135,3.629056,48.872265,3.1435854,34.631573,3.4115887,0.15304688,0.044518035,0.22386602,0.06914589,0.15927061,0.050075337,0.26939854,0.09015041,0.08105049,0.033949245,0.17935018,0.032205317,0.15068886,0.063823,0.35601223,0.07511372,0.19204183,0.05010389,0.26624483,0.11074686,0.16157526,0.029021788,0.23133007,0.1083572,0.12758735,0.031311683,0.18910971,0.06450669,0.14123596,0.044140242,0.23488039,0.07545814,0.12720594,0.050170485,0.23278783,0.043518975,0.11712381,0.043385755,0.21447104,0.040026125,0.1209458,0.029677503,0.16889162,0.0696305,0.14149702,0.04313779,0.2190637,0.060967654,0.078815006,0.03695324,0.16240282,0.0233027,0.13090962,0.04537174,0.22392797,0.0632825,0.13204175,0.044503164,0.21896076,0.054039896,0.048134945,0.029260159,0.10178511,0.01233963,0.07106287,0.02408461,0.120450914,0.030404119,0.14285845,0.044974934,0.22314842,0.061464276,47.761826,3.1831224,-0.0006018091,0.00021678413,-0.0001430134,6.3464075e-05,-0.00014588262,3.237149e-05,0.2019554388872868,0.0120881513415263,0.2040275384129385,16502.18359375,18245.51171875,17692.119140625,98.5,22.0,0.8095475435256958
49,5,9,79.04547,5.7763557,52.69512,4.2054915,37.587193,3.0346212,0.13241602,0.07089046,0.27343258,0.0,0.10991476,0.057066783,0.24300843,0.0,0.08659648,0.042734288,0.20386545,0.0,0.10945143,0.05804994,0.24816214,0.0,0.14957765,0.07575988,0.32876024,0.0,0.1264562,0.06374908,0.3145762,0.0,0.112784535,0.06189588,0.27166277,0.0,0.14335757,0.0828022,0.39638105,0.0,0.12425291,0.072180934,0.27542457,0.0,0.10531153,0.059657853,0.19682562,0.0,0.07975824,0.04214695,0.1616184,0.0,0.13043647,0.069840856,0.29203072,0.0,0.07686175,0.035552166,0.1451943,0.0,0.09645321,0.042692553,0.20839313,0.0,0.13324316,0.07103582,0.32636547,0.0,0.05769351,0.042204462,0.22171402,0.0,0.06489328,0.03409009,0.13140249,0.0,0.13164988,0.07013885,0.29557317,0.0,50.941017,3.9081986,-0.00062500057,0.00020651339,-0.00013894426,6.370913e-05,-0.0001507854,3.3532222e-05,0.1783907648863516,0.0464620452574147,0.2003508651343596,15502.71875,18020.724609375,17283.21875,98.5,22.0,0.7641792297363281
